track_genre,rows,accuracy,avg_confidence,family
reggaeton,8,0.0,0.4822916666666667,hip_hop_rnb
groove,98,0.05102040816326531,0.5233843537414966,hip_hop_rnb
goth,135,0.05925925925925926,0.42551146384479716,mood_context
anime,162,0.09876543209876543,0.4016460905349794,mood_context
gospel,112,0.125,0.4378720238095238,mood_context
r-n-b,72,0.1388888888888889,0.4847222222222222,hip_hop_rnb
garage,129,0.20930232558139536,0.3943152454780362,electronic
blues,130,0.23846153846153847,0.5150089031339031,jazz_blues_classical
folk,140,0.24285714285714285,0.4393159013605442,acoustic_folk_country
sad,80,0.25,0.3494791666666667,mood_context
indie-pop,102,0.2549019607843137,0.415541452692188,pop
funk,103,0.2621359223300971,0.48631674757281557,hip_hop_rnb
hip-hop,133,0.2781954887218045,0.44359841529954314,hip_hop_rnb
synth-pop,136,0.27941176470588236,0.394828431372549,pop
rockabilly,82,0.2804878048780488,0.41341463414634144,rock
acoustic,141,0.28368794326241137,0.3676812450748621,acoustic_folk_country
j-pop,106,0.29245283018867924,0.4930817610062893,pop
happy,129,0.29457364341085274,0.4838265255416418,mood_context
guitar,133,0.3308270676691729,0.4079573934837093,rock
chill,149,0.348993288590604,0.34556727388942154,ambient_chill
j-rock,77,0.36363636363636365,0.40303030303030307,rock
singer-songwriter,76,0.3684210526315789,0.4082236842105263,acoustic_folk_country
emo,140,0.37142857142857144,0.42791666666666667,rock
psych-rock,92,0.3804347826086957,0.42943840579710146,rock
soul,74,0.3918918918918919,0.5320443211068211,hip_hop_rnb
dub,131,0.40458015267175573,0.44673603538107354,latin_world
british,141,0.41134751773049644,0.3715898345153665,latin_world
piano,137,0.41605839416058393,0.4837591240875913,jazz_blues_classical
power-pop,128,0.421875,0.4475911458333333,pop
bluegrass,147,0.42857142857142855,0.3783446712018141,acoustic_folk_country
afrobeat,140,0.4357142857142857,0.4348214285714286,latin_world
mandopop,143,0.44755244755244755,0.44982517482517487,pop
disco,138,0.4492753623188406,0.4648519093627789,electronic
dubstep,46,0.45652173913043476,0.45978260869565213,electronic
k-pop,133,0.46616541353383456,0.412468671679198,pop
children,158,0.46835443037974683,0.4295358649789029,mood_context
indie,19,0.47368421052631576,0.5627192982456141,rock
punk-rock,109,0.4954128440366973,0.46247706422018353,rock
rock-n-roll,112,0.5,0.40319940476190474,rock
rock,48,0.5,0.5655787037037038,rock
opera,126,0.5079365079365079,0.43802910052910055,jazz_blues_classical
disney,147,0.5170068027210885,0.4074546485260771,pop
show-tunes,132,0.5303030303030303,0.39278198653198654,pop
electronic,129,0.5348837209302325,0.48372093023255813,electronic
cantopop,149,0.5369127516778524,0.4053914988814318,pop
malay,145,0.5379310344827586,0.4217816091954023,latin_world
alt-rock,163,0.5460122699386503,0.5034083162917519,rock
club,146,0.547945205479452,0.49035388127853885,electronic
country,146,0.5616438356164384,0.5869720319634704,acoustic_folk_country
punk,30,0.5666666666666667,0.45416666666666666,rock
trip-hop,141,0.574468085106383,0.46696217494089837,electronic
indian,95,0.5789473684210527,0.4137468671679198,latin_world
industrial,129,0.5813953488372093,0.48704780361757105,rock
hard-rock,121,0.5867768595041323,0.5139118457300276,rock
ambient,156,0.5897435897435898,0.49880698005698004,ambient_chill
j-idol,143,0.5944055944055944,0.4438228438228438,pop
french,113,0.6017699115044248,0.4498525073746313,latin_world
spanish,139,0.6187050359712231,0.4195693445243805,latin_world
party,104,0.6346153846153846,0.5184481837606838,mood_context
iranian,165,0.6363636363636364,0.5015791245791246,latin_world
swedish,102,0.6372549019607843,0.4722222222222222,latin_world
alternative,64,0.640625,0.6170200892857143,rock
pop,63,0.6507936507936508,0.530952380952381,pop
idm,128,0.6640625,0.560205078125,electronic
hardstyle,139,0.6762589928057554,0.5042565947242207,electronic
edm,96,0.6770833333333334,0.5525520833333334,electronic
kids,165,0.6787878787878788,0.4896969696969697,mood_context
world-music,156,0.6858974358974359,0.45053418803418804,latin_world
german,115,0.7043478260869566,0.5253115942028985,latin_world
romance,143,0.7062937062937062,0.4962364024864025,mood_context
classical,122,0.7213114754098361,0.5651622267759563,jazz_blues_classical
jazz,79,0.7215189873417721,0.7422995780590718,jazz_blues_classical
electro,87,0.7241379310344828,0.560684067688378,electronic
ska,104,0.7307692307692307,0.4957532051282051,latin_world
new-age,140,0.7357142857142858,0.5035119047619047,ambient_chill
dance,122,0.7377049180327869,0.6138238954785757,electronic
j-dance,131,0.7404580152671756,0.44856870229007634,electronic
latino,65,0.7538461538461538,0.4710769230769231,latin_world
progressive-house,115,0.7565217391304347,0.558623188405797,electronic
honky-tonk,143,0.7692307692307693,0.5779137529137529,acoustic_folk_country
hardcore,130,0.7692307692307693,0.49625801282051285,rock
house,31,0.7741935483870968,0.573521505376344,electronic
pop-film,113,0.7876106194690266,0.45813176007866274,pop
grunge,132,0.7878787878787878,0.4993686868686869,rock
deep-house,155,0.8,0.5729569892473119,electronic
latin,121,0.8016528925619835,0.6220017211987906,latin_world
metal,33,0.8181818181818182,0.5025252525252525,rock
tango,160,0.81875,0.48578124999999994,latin_world
comedy,133,0.8195488721804511,0.8444235588972432,mood_context
study,163,0.8220858895705522,0.5218302658486708,ambient_chill
brazil,135,0.8222222222222222,0.4968827160493827,latin_world
heavy-metal,152,0.8223684210526315,0.5579495614035088,rock
drum-and-bass,143,0.8251748251748252,0.5938228438228439,electronic
dancehall,109,0.8256880733944955,0.470808222528406,latin_world
reggae,36,0.8333333333333334,0.5898671737213405,latin_world
turkish,135,0.8444444444444444,0.5131069958847737,latin_world
sleep,132,0.8712121212121212,0.7344065656565656,ambient_chill
breakbeat,165,0.8727272727272727,0.6408585858585858,electronic
trance,115,0.8782608695652174,0.6895724637681159,electronic
techno,59,0.8813559322033898,0.7479943502824858,electronic
black-metal,141,0.8936170212765957,0.7245567375886525,rock
mpb,120,0.9083333333333333,0.5203472222222222,latin_world
metalcore,99,0.9090909090909091,0.6490740740740741,rock
death-metal,122,0.9262295081967213,0.6976092896174864,rock
sertanejo,147,0.9387755102040817,0.628968253968254,latin_world
detroit-techno,146,0.952054794520548,0.8031392694063927,electronic
samba,95,0.9578947368421052,0.6635087719298245,latin_world
pagode,133,0.9699248120300752,0.7693609022556391,latin_world
grindcore,146,0.9726027397260274,0.8495433789954338,rock
salsa,153,0.9738562091503268,0.649400871459695,latin_world
minimal-techno,129,0.9844961240310077,0.8401808785529716,electronic
chicago-house,142,0.9859154929577465,0.8092136150234742,electronic
forro,156,0.9871794871794872,0.6829059829059829,latin_world
